network_type,trace_count,mean_qoe,avg_bitrate_mbps,avg_total_rebuffer_s,avg_rebuffer_ratio_pct,avg_smoothness_mbps
bus,23,1.6017036135207707,1.8010416666666669,2.7309143603354844,1.396082351470284,0.2072155411655874
car,12,0.7615417029416937,1.2161458333333333,5.1721044366511775,2.4879582119746857,0.24352836879432624
ferry,20,0.9793248623381686,1.236145833333333,3.8645375091709058,1.9523589705727507,0.2079255319148936
metro,10,0.7520212765957447,0.9665625000000002,3.8856538396186893,1.9772983447276307,0.21914893617021275
train,21,1.0613981762917934,1.2618551587301585,3.7267201503207406,1.8937203910658398,0.21134751773049648
tram,56,0.49868144563936223,0.7362723214285715,5.542188920134565,2.794644647983058,0.22397416413373855
