{
  "model_path": "./ppo/nn_model_ep_500000.pth",
  "trace_count": 142,
  "qoe": {
    "mean": 0.8683092691333155,
    "median": 0.7180851063829787,
    "std": 0.6353436864931695,
    "min": -1.593414458316697,
    "p5": 0.3000591426653437,
    "p95": 1.9385106382978714,
    "max": 3.5542553191489383
  },
  "bitrate": {
    "avg_mbps": 1.113637030516432,
    "min_mbps": 0.421875,
    "max_mbps": 3.5697916666666667
  },
  "rebuffer": {
    "avg_total_seconds": 4.434135737967652,
    "median_total_seconds": 3.9849670045594303,
    "avg_ratio_pct": 2.2327731266597035
  },
  "smoothness": {
    "avg_mbps": 0.21844471081810007
  },
  "buffer": {
    "avg_seconds": 14.463647986336698
  }
}